+0.000,+0.000,+0.127,-0.215,+0.049,+26.540
+0.000,+0.000,+0.131,+0.012,+0.051,+26.591
+0.000,+0.000,+0.201,-0.315,+0.051,+26.642
+0.000,+0.000,+0.107,-0.260,+0.051,+26.693
+0.000,+0.000,-0.000,-0.217,+0.051,+26.744
+0.000,+0.000,+0.098,-0.041,+0.051,+26.796
+0.000,+0.000,+0.110,-0.424,+0.051,+26.847
+0.000,+0.000,+0.062,-0.217,+0.051,+26.898
+0.000,+0.000,+0.038,-0.026,+0.051,+26.949
+0.000,+0.000,+0.069,-0.231,+0.051,+27.000
+0.000,+0.000,+0.019,-0.200,+0.051,+27.051
+0.000,+0.000,+0.141,-0.114,+0.052,+27.103
+0.000,+0.000,+0.091,-0.348,+0.051,+27.153
+0.000,+0.000,-0.002,+0.021,+0.051,+27.204
+0.000,+0.000,+0.153,-0.243,+0.038,+27.242
+0.000,+0.000,-0.029,-0.098,+0.048,+27.289
+0.000,+0.000,+0.031,-0.310,+0.051,+27.341
+0.000,+0.000,+0.064,-0.112,+0.051,+27.392
+0.000,+0.000,+0.038,-0.072,+0.051,+27.443
+0.000,+0.000,+0.021,-0.288,+0.052,+27.494
+0.000,+0.000,+0.031,-0.198,+0.051,+27.545
+0.000,+0.000,-0.017,-0.076,+0.051,+27.596
+0.000,+0.000,+0.029,-0.324,+0.051,+27.647
+0.000,+0.000,+0.098,-0.105,+0.051,+27.698
+0.000,+0.000,+0.060,-0.222,+0.051,+27.749
+0.000,+0.000,+0.038,-0.112,+0.037,+27.786
+0.000,+0.000,+0.060,-0.169,+0.048,+27.834
+0.000,+0.000,-0.043,-0.229,+0.051,+27.886
+0.000,+0.000,+0.084,-0.088,+0.051,+27.937
+0.000,+0.000,+0.036,-0.195,+0.051,+27.988
+0.000,+0.000,+0.100,-0.138,+0.037,+28.025
+0.000,+0.000,+0.010,-0.226,+0.048,+28.073
+0.000,+0.000,+0.098,-0.191,+0.051,+28.124
+0.000,+0.000,+0.060,-0.136,+0.051,+28.175
+0.000,+0.000,-0.036,-0.188,+0.051,+28.226
+0.000,+0.000,+0.103,-0.165,+0.051,+28.277
+0.000,+0.000,+0.079,-0.253,+0.051,+28.328
+0.000,+0.000,+0.057,-0.067,+0.051,+28.379
+0.000,+0.000,+0.012,-0.241,+0.051,+28.431
+0.000,+0.000,-0.033,-0.136,+0.051,+28.482
+0.000,+0.000,+0.105,-0.143,+0.051,+28.533
+0.000,+0.000,+0.036,-0.255,+0.051,+28.584
+0.000,+0.000,-0.014,-0.088,+0.038,+28.621
+0.000,+0.000,+0.098,-0.312,+0.048,+28.669
+0.000,+0.000,-0.026,-0.126,+0.051,+28.720
+0.000,+0.000,+0.100,-0.176,+0.051,+28.771
+0.000,+0.000,-0.021,-0.250,+0.051,+28.822
+0.000,+0.000,+0.010,-0.117,+0.051,+28.873
+0.000,+0.000,+0.029,-0.274,+0.051,+28.924
+0.000,+0.000,-0.010,-0.150,+0.051,+28.976
+0.000,+0.000,-0.026,-0.048,+0.051,+29.027
+0.000,+0.000,+0.050,-0.238,+0.051,+29.078
+0.000,+0.000,+0.012,-0.241,+0.051,+29.129
+0.000,+0.000,+0.115,-0.072,+0.037,+29.166
+0.000,+0.000,+0.043,-0.145,+0.048,+29.214
+0.000,+0.000,+0.155,-0.098,+0.051,+29.265
+0.000,+0.000,+0.005,-0.291,+0.051,+29.316
+0.000,+0.000,+0.148,-0.243,+0.051,+29.367
+0.000,+0.000,+0.186,-0.000,+0.037,+29.404
+0.000,+0.000,+0.091,-0.255,+0.048,+29.452
+0.000,+0.000,+0.136,+0.043,+0.051,+29.503
+0.000,+0.000,+0.072,-0.234,+0.051,+29.555
+0.000,+0.000,-0.129,-0.396,+0.051,+29.606
+0.000,+0.000,+0.041,-0.148,+0.051,+29.657
+0.000,+0.000,+0.048,-0.160,+0.051,+29.708
+0.000,+0.000,+0.229,-0.300,+0.051,+29.759
+0.000,+0.000,+0.026,+0.162,+0.051,+29.810
+0.000,+0.000,+0.537,-0.348,+0.037,+29.847
+6.558,-0.074,+0.315,-0.224,+0.048,+29.895
+8.701,-0.021,+0.760,-0.284,+0.037,+29.932
+16.851,-0.321,+0.079,-0.591,+0.048,+29.980
+17.210,+0.027,+0.552,-0.534,+0.051,+30.031
+16.341,-0.106,+0.726,+0.217,+0.051,+30.083
+22.973,-0.042,+0.473,-0.341,+0.051,+30.134
+22.928,-0.021,+0.788,-0.360,+0.051,+30.185
+21.356,+0.301,+0.542,-0.606,+0.051,+30.236
+0.000,+0.000,-0.064,-0.098,+0.051,+30.287
+19.528,+0.773,-0.079,+0.699,+0.051,+30.338
+22.963,-0.206,-0.721,-0.207,+0.051,+30.389
+17.619,+0.068,+0.478,+0.234,+0.037,+30.426
+0.000,+0.000,-0.387,-0.257,+0.048,+30.474
+17.482,+0.190,-0.072,-0.451,+0.051,+30.525
+17.296,-0.204,+0.674,-0.453,+0.051,+30.576
+17.581,+0.075,-1.085,-0.079,+0.051,+30.628
+13.220,-0.129,-0.645,-0.205,+0.051,+30.679
+16.163,-0.045,-0.705,-0.446,+0.037,+30.716
+18.580,-0.094,+1.225,-0.494,+0.048,+30.764
+17.457,-0.041,+0.447,-0.992,+0.051,+30.815
+17.317,-0.106,-0.385,-0.381,+0.051,+30.866
+23.091,+0.007,-0.972,+0.248,+0.051,+30.917
+24.110,+0.037,-0.217,+0.148,+0.038,+30.955
+0.000,+0.000,-1.139,-0.505,+0.047,+31.002
+0.000,+0.000,-0.858,+0.248,+0.051,+31.053
+0.000,+0.000,-0.184,-0.589,+0.051,+31.105
+0.000,+0.000,-1.022,-0.019,+0.051,+31.156
+18.325,-0.066,+0.036,-0.617,+0.051,+31.207
+23.030,-0.311,+0.141,-0.405,+0.051,+31.258
+22.572,-0.058,+0.010,-0.086,+0.051,+31.309
+20.390,-0.060,+0.824,-0.129,+0.051,+31.360
+23.022,+0.137,-0.729,-0.615,+0.051,+31.411
+22.238,-0.163,-0.755,+1.018,+0.037,+31.448
+22.861,-0.040,-0.182,-0.236,+0.048,+31.496
+0.000,+0.000,-0.590,-0.198,+0.051,+31.547
+0.000,+0.000,-1.471,+0.434,+0.051,+31.598
+20.533,-0.707,+0.036,-0.086,+0.051,+31.649
+24.086,-0.037,-0.158,+0.117,+0.037,+31.687
+24.469,+0.025,+0.158,-0.272,+0.048,+31.735
+22.397,-0.000,-0.055,-0.136,+0.051,+31.786
+16.335,-0.125,-0.456,-0.346,+0.051,+31.837
+17.753,+0.083,-0.373,-0.422,+0.051,+31.888
+17.476,-0.020,-0.148,-0.901,+0.051,+31.939
+17.369,+0.219,-0.053,-0.765,+0.051,+31.990
+15.816,-0.387,+0.179,+0.131,+0.051,+32.041
+16.902,+0.091,-0.053,-0.277,+0.051,+32.143
+16.065,+0.220,+0.411,-0.095,+0.038,+32.181
+18.602,-0.115,+0.088,+0.145,+0.048,+32.229
+17.561,+0.061,+0.179,-0.293,+0.051,+32.280
+17.603,-0.110,-0.411,+0.298,+0.051,+32.331
+17.650,+0.193,+0.461,-0.403,+0.051,+32.382
+17.645,-0.034,-0.311,-0.997,+0.051,+32.433
+16.285,-0.153,+0.461,-0.417,+0.037,+32.470
+15.761,+0.026,+0.676,-0.889,+0.048,+32.518
+15.123,-0.300,+0.158,-0.982,+0.051,+32.569
+9.541,+0.126,-0.432,-0.408,+0.051,+32.620
+11.896,+0.066,+0.010,+0.386,+0.051,+32.671
+11.850,-0.106,-1.185,-0.172,+0.051,+32.722
+11.884,+0.137,+0.012,+0.265,+0.051,+32.773
+11.780,+0.007,-0.385,-0.019,+0.051,+32.825
+11.492,+0.013,-0.062,+0.205,+0.051,+32.876
+11.912,-0.094,-0.979,-0.026,+0.051,+32.927
+11.395,+0.172,-0.695,+0.634,+0.051,+32.978
+5.555,-0.085,+0.229,-0.553,+0.051,+33.029
+6.233,-0.234,-0.413,-0.229,+0.051,+33.080
+6.264,+0.078,-0.984,-0.222,+0.051,+33.131
+0.000,+0.000,-0.256,-0.155,+0.037,+33.169
+0.000,+0.000,-0.000,-0.293,+0.048,+33.216
+0.000,+0.000,+0.045,-0.269,+0.051,+33.267
+0.000,+0.000,+0.079,-0.091,+0.051,+33.319
+0.000,+0.000,+0.043,-0.203,+0.037,+33.356
+0.000,+0.000,+0.119,-0.057,+0.048,+33.404
+0.000,+0.000,-0.062,-0.272,+0.051,+33.455
+0.000,+0.000,+0.148,-0.203,+0.051,+33.506
+0.000,+0.000,+0.038,-0.105,+0.051,+33.557
+0.000,+0.000,+0.045,-0.248,+0.051,+33.608
+0.000,+0.000,+0.148,-0.119,+0.037,+33.645
+0.000,+0.000,-0.031,-0.269,+0.048,+33.693
+0.000,+0.000,+0.146,-0.203,+0.051,+33.744
+0.000,+0.000,-0.055,-0.143,+0.051,+33.795
+0.000,+0.000,+0.162,-0.207,+0.037,+33.832
+0.000,+0.000,-0.005,-0.207,+0.048,+33.881
+0.000,+0.000,+0.112,-0.231,+0.051,+33.932
+0.000,+0.000,+0.060,-0.179,+0.051,+33.983
+0.000,+0.000,+0.043,-0.176,+0.051,+34.034
+0.000,+0.000,+0.165,-0.226,+0.037,+34.071
+0.000,+0.000,+0.055,-0.215,+0.048,+34.119
+0.000,+0.000,+0.079,-0.203,+0.051,+34.170
+0.000,+0.000,+0.043,-0.179,+0.051,+34.221
+0.000,+0.000,+0.055,-0.226,+0.051,+34.272
+0.000,+0.000,+0.205,-0.198,+0.051,+34.323
+0.000,+0.000,+0.064,-0.165,+0.051,+34.374
+0.000,+0.000,+0.055,-0.248,+0.051,+34.425
+0.000,+0.000,+0.127,-0.165,+0.038,+34.463
+0.000,+0.000,+0.124,-0.169,+0.048,+34.511
+0.000,+0.000,+0.115,-0.136,+0.051,+34.562
+0.000,+0.000,+0.246,-0.296,+0.051,+34.613
+0.000,+0.000,+0.203,-0.269,+0.051,+34.664
+0.000,+0.000,+0.172,-0.098,+0.051,+34.715
+0.000,+0.000,+0.029,-0.210,+0.051,+34.766
+0.000,+0.000,+0.002,-0.215,+0.051,+34.817
+0.000,+0.000,+0.170,-0.179,+0.051,+34.868
+0.000,+0.000,+0.060,-0.226,+0.051,+34.919
+0.000,+0.000,+0.096,-0.119,+0.051,+34.971
+0.000,+0.000,+0.060,-0.269,+0.051,+35.022
+0.000,+0.000,+0.038,-0.200,+0.051,+35.073
+0.000,+0.000,+0.086,-0.188,+0.051,+35.124
+0.000,+0.000,+0.024,-0.181,+0.051,+35.175
+0.000,+0.000,+0.134,-0.172,+0.037,+35.212
+0.000,+0.000,+0.072,-0.267,+0.048,+35.260
+0.000,+0.000,+0.062,-0.172,+0.051,+35.311
+0.000,+0.000,+0.067,-0.200,+0.038,+35.349
+0.000,+0.000,+0.074,-0.191,+0.048,+35.397
+0.000,+0.000,+0.067,-0.217,+0.051,+35.447
+0.000,+0.000,+0.053,-0.198,+0.051,+35.499
+0.000,+0.000,+0.098,-0.198,+0.051,+35.550
+0.000,+0.000,+0.074,-0.253,+0.051,+35.601
+0.000,+0.000,+0.081,-0.145,+0.051,+35.652
+0.000,+0.000,+0.062,-0.181,+0.051,+35.703
+0.000,+0.000,+0.084,-0.234,+0.051,+35.754
+0.000,+0.000,+0.067,-0.188,+0.051,+35.805
+0.000,+0.000,+0.045,-0.236,+0.051,+35.856
+0.000,+0.000,+0.057,-0.162,+0.051,+35.907
+0.000,+0.000,+0.033,-0.212,+0.051,+35.958
+0.000,+0.000,+0.031,-0.172,+0.037,+35.995
+0.000,+0.000,+0.105,-0.210,+0.048,+36.043
+0.000,+0.000,+0.026,-0.224,+0.038,+36.081
+0.000,+0.000,+0.088,-0.219,+0.048,+36.129
+0.000,+0.000,+0.050,-0.184,+0.051,+36.180
+0.000,+0.000,+0.031,-0.219,+0.051,+36.231
+0.000,+0.000,+0.005,-0.191,+0.051,+36.282
+0.000,+0.000,+0.057,-0.226,+0.052,+36.333
+0.000,+0.000,+0.141,-0.222,+0.051,+36.384
+0.000,+0.000,+0.098,-0.091,+0.051,+36.435
+0.000,+0.000,+0.115,-0.277,+0.051,+36.486
+0.000,+0.000,+0.079,-0.291,+0.051,+36.537
+0.000,+0.000,-0.007,-0.150,+0.051,+36.588
+0.000,+0.000,+0.103,-0.110,+0.051,+36.639
+0.000,+0.000,+0.014,-0.169,+0.051,+36.691
+0.000,+0.000,+0.060,-0.205,+0.051,+36.742
+0.000,+0.000,+0.086,-0.203,+0.051,+36.793
+0.000,+0.000,+0.002,-0.155,+0.051,+36.844
+0.000,+0.000,+0.036,-0.222,+0.038,+36.882
+0.000,+0.000,-0.005,-0.238,+0.048,+36.929
+0.000,+0.000,+0.050,-0.212,+0.051,+36.980
+0.000,+0.000,+0.050,-0.181,+0.051,+37.031
+0.000,+0.000,-0.010,-0.193,+0.051,+37.082
+0.000,+0.000,+0.033,-0.179,+0.051,+37.133
+0.000,+0.000,+0.084,-0.205,+0.051,+37.185
+0.000,+0.000,+0.107,-0.195,+0.051,+37.236
+0.000,+0.000,+0.021,-0.179,+0.051,+37.287
+0.000,+0.000,+0.060,-0.155,+0.051,+37.338
+0.000,+0.000,+0.057,-0.134,+0.051,+37.389
+0.000,+0.000,+0.124,-0.262,+0.051,+37.440
+0.000,+0.000,+0.050,-0.157,+0.051,+37.491
+0.000,+0.000,+0.043,-0.174,+0.051,+37.542
+0.000,+0.000,+0.107,-0.203,+0.051,+37.593
+0.000,+0.000,+0.105,-0.193,+0.051,+37.644
+0.000,+0.000,+0.055,-0.176,+0.037,+37.681
+0.000,+0.000,+0.072,-0.124,+0.049,+37.730
+0.000,+0.000,+0.086,-0.234,+0.051,+37.781
+0.000,+0.000,+0.141,-0.234,+0.051,+37.832
+0.000,+0.000,+0.062,-0.186,+0.038,+37.869
+0.000,+0.000,+0.112,-0.112,+0.048,+37.917
+0.000,+0.000,+0.074,-0.172,+0.037,+37.954
+0.000,+0.000,+0.100,-0.277,+0.048,+38.002
+0.000,+0.000,+0.067,-0.212,+0.051,+38.053
+0.000,+0.000,-0.014,-0.193,+0.051,+38.104
+0.000,+0.000,+0.057,-0.160,+0.051,+38.155
+0.000,+0.000,+0.043,-0.269,+0.051,+38.206
+0.000,+0.000,+0.100,-0.165,+0.051,+38.257
+0.000,+0.000,+0.103,-0.200,+0.051,+38.309
+0.000,+0.000,+0.074,-0.200,+0.051,+38.360
+0.000,+0.000,+0.072,-0.191,+0.051,+38.411
+0.000,+0.000,+0.098,-0.200,+0.051,+38.462
+0.000,+0.000,+0.069,-0.038,+0.051,+38.513
+0.000,+0.000,+0.143,-0.296,+0.051,+38.564
+0.000,+0.000,+0.110,-0.293,+0.037,+38.601
+0.000,+0.000,+0.057,-0.157,+0.048,+38.649
+0.000,+0.000,+0.038,-0.184,+0.051,+38.700
+0.000,+0.000,+0.241,-0.145,+0.051,+38.751
+0.000,+0.000,+0.088,-0.336,+0.051,+38.803
+0.000,+0.000,+0.045,-0.153,+0.051,+38.854
+0.000,+0.000,+0.150,-0.191,+0.051,+38.905
+0.000,+0.000,+0.153,-0.231,+0.051,+38.956
+0.000,+0.000,+0.110,-0.210,+0.051,+39.007
+0.000,+0.000,+0.048,-0.234,+0.037,+39.044
+0.000,+0.000,+0.100,-0.126,+0.048,+39.092
+0.000,+0.000,+0.091,-0.226,+0.051,+39.143
+0.000,+0.000,+0.088,-0.148,+0.037,+39.180
+0.000,+0.000,+0.093,-0.222,+0.048,+39.228
+0.000,+0.000,+0.074,-0.155,+0.051,+39.279
+0.000,+0.000,+0.084,-0.219,+0.051,+39.331
+0.000,+0.000,+0.026,-0.203,+0.037,+39.368
+0.000,+0.000,+0.096,-0.198,+0.048,+39.416
+0.000,+0.000,+0.012,-0.150,+0.051,+39.467
+0.000,+0.000,+0.055,-0.229,+0.051,+39.518
+0.000,+0.000,+0.041,-0.174,+0.051,+39.569
+0.000,+0.000,+0.069,-0.193,+0.051,+39.620
+0.000,+0.000,+0.141,-0.095,+0.052,+39.672
+0.000,+0.000,+0.091,-0.300,+0.037,+39.709
+0.000,+0.000,+0.048,-0.205,+0.048,+39.756
+0.000,+0.000,-0.014,-0.176,+0.051,+39.808
+0.000,+0.000,+0.096,-0.288,+0.051,+39.858
+0.000,+0.000,+0.012,-0.069,+0.051,+39.910
+0.000,+0.000,+0.088,-0.179,+0.051,+39.961
+0.000,+0.000,+0.045,-0.222,+0.051,+40.012
+0.000,+0.000,+0.045,-0.174,+0.051,+40.063
+0.000,+0.000,+0.031,-0.203,+0.051,+40.114
+0.000,+0.000,+0.064,-0.145,+0.052,+40.165
+0.000,+0.000,+0.012,-0.241,+0.037,+40.202
+0.000,+0.000,+0.072,-0.150,+0.048,+40.250
+0.000,+0.000,+0.036,-0.193,+0.051,+40.301
+0.000,+0.000,+0.093,-0.179,+0.051,+40.352
+0.000,+0.000,+0.010,-0.274,+0.051,+40.403
+0.000,+0.000,+0.010,-0.162,+0.051,+40.454
+0.000,+0.000,+0.062,-0.174,+0.051,+40.506
+0.000,+0.000,+0.021,-0.319,+0.051,+40.557
+0.000,+0.000,+0.076,-0.083,+0.051,+40.608
+0.000,+0.000,+0.057,-0.179,+0.051,+40.659
+0.000,+0.000,+0.045,-0.207,+0.052,+40.711
+0.000,+0.000,+0.002,-0.219,+0.050,+40.761
+0.000,+0.000,+0.012,-0.091,+0.051,+40.812
+0.000,+0.000,-0.432,-0.067,+0.051,+40.863
+0.000,+0.000,-0.361,-0.236,+0.051,+40.914
+0.000,+0.000,-0.193,-0.072,+0.051,+40.965
+0.000,+0.000,+0.112,-0.076,+0.051,+41.016
+0.000,+0.000,+0.076,-0.343,+0.037,+41.054
+0.000,+0.000,+0.024,-0.155,+0.048,+41.102
+0.000,+0.000,+0.084,-0.153,+0.051,+41.153
+0.000,+0.000,+0.124,-0.157,+0.051,+41.204
+0.000,+0.000,+0.084,-0.248,+0.051,+41.255
+0.000,+0.000,+0.005,-0.191,+0.051,+41.306
+0.000,+0.000,-0.024,-0.336,+0.051,+41.357
+0.000,+0.000,-0.528,-0.358,+0.051,+41.408
+0.000,+0.000,+0.064,-0.150,+0.037,+41.445
+0.000,+0.000,+0.045,-0.141,+0.048,+41.493
-3.715,-0.242,+0.311,-0.145,+0.051,+41.544
+0.000,+0.000,+0.208,-0.367,+0.051,+41.596
+0.000,+0.000,+0.208,+0.195,+0.051,+41.647
+0.000,+0.000,+0.088,-0.124,+0.051,+41.698
+0.000,+0.000,+0.311,-0.443,+0.051,+41.749
+0.000,+0.000,+0.093,-0.110,+0.051,+41.800
+0.000,+0.000,+0.081,-0.291,+0.051,+41.851
+0.000,+0.000,+0.155,-0.348,+0.051,+41.902
+0.000,+0.000,+0.222,-0.396,+0.051,+41.953
-4.545,+0.189,+0.311,-0.060,+0.051,+42.005
-5.276,-0.080,+0.253,-0.176,+0.051,+42.055
-5.048,+0.121,-0.170,-0.107,+0.051,+42.106
+0.000,+0.000,-0.325,-0.186,+0.052,+42.158
-7.053,+0.165,+0.091,+0.219,+0.037,+42.195
-5.108,-0.083,+0.091,-0.660,+0.048,+42.243
-7.144,-0.103,-0.471,+0.217,+0.037,+42.280
-11.772,-0.185,+0.322,-0.553,+0.048,+42.328
-10.792,+0.100,+0.026,-0.279,+0.051,+42.379
-10.947,+0.006,-0.134,-0.365,+0.051,+42.430
-10.967,+0.116,+0.344,+0.186,+0.051,+42.481
-7.027,+0.128,+0.110,+0.398,+0.037,+42.519
-9.430,-0.137,+0.910,-0.687,+0.048,+42.566
-3.746,-0.091,+0.196,-0.679,+0.051,+42.618
-10.128,+0.045,-0.451,+0.343,+0.051,+42.669
-11.030,-0.025,+0.862,-0.191,+0.052,+42.720
-11.353,+0.064,+0.408,-0.036,+0.051,+42.771
-10.821,-0.000,-0.005,-0.339,+0.051,+42.822
-2.725,+0.237,-0.805,+0.083,+0.051,+42.873
+0.000,+0.000,-0.170,+0.019,+0.051,+42.924
-3.270,+0.100,-0.975,-0.479,+0.051,+42.975
-4.314,+0.163,-0.404,-0.665,+0.051,+43.027
+0.000,+0.000,-0.633,+0.012,+0.051,+43.077
-10.900,+0.070,+0.024,-0.410,+0.051,+43.128
-11.092,-0.006,+0.038,-0.010,+0.051,+43.180
-7.152,+0.043,-0.072,-0.143,+0.037,+43.217
+0.000,+0.000,+0.874,-0.505,+0.048,+43.265
-4.973,-0.034,-0.244,+0.031,+0.051,+43.316
-4.243,-0.101,+0.155,-0.832,+0.051,+43.367
-3.503,-0.326,+0.447,+0.107,+0.051,+43.418
-3.368,+0.637,+0.411,+0.033,+0.051,+43.469
-2.732,-0.105,+0.029,-0.048,+0.051,+43.520
-8.928,+0.456,+0.640,+0.148,+0.051,+43.571
-7.049,-0.043,+0.213,+0.107,+0.037,+43.608
-11.624,-0.121,-0.358,-0.207,+0.048,+43.656
-10.835,-0.098,-0.526,+0.217,+0.051,+43.708
-10.922,+0.006,+0.005,+0.114,+0.051,+43.758
-10.673,+0.020,+0.977,-0.644,+0.051,+43.810
-11.002,+0.028,+0.203,-0.074,+0.051,+43.861
-9.135,-0.563,+0.595,-0.002,+0.051,+43.912
-9.814,+0.036,+0.072,-0.234,+0.051,+43.963
-10.902,-0.111,-0.172,-0.303,+0.051,+44.014
-9.329,+0.382,-0.244,+0.024,+0.051,+44.065
+0.000,+0.000,+0.024,-0.622,+0.051,+44.116
-9.922,+0.036,-0.449,-0.336,+0.051,+44.167
-10.839,+0.031,-0.170,-0.072,+0.051,+44.218
-10.982,+0.117,-0.466,-0.262,+0.051,+44.270
-11.087,+0.050,+1.524,+1.078,+0.049,+44.355
-11.092,-0.122,-1.835,+2.797,+0.051,+44.406
+0.000,+0.000,+0.160,+0.315,+0.051,+44.457
-10.550,-0.734,+0.294,+0.517,+0.051,+44.508
+0.000,+0.000,-0.076,-0.165,+0.051,+44.559
-10.986,-0.241,+0.454,+0.646,+0.051,+44.610
-14.967,+0.116,+0.588,+0.067,+0.051,+44.661
-16.606,-0.014,+0.435,-0.620,+0.051,+44.712
-16.187,+0.103,+0.788,+0.079,+0.051,+44.763
-15.396,-0.038,-0.506,+0.308,+0.051,+44.815
-10.628,-0.143,+0.533,-0.010,+0.051,+44.866
-10.814,+0.043,-0.139,+0.646,+0.051,+44.917
-10.897,+0.129,-0.346,-0.017,+0.051,+44.968
-10.862,-0.049,+0.647,-0.288,+0.051,+45.019
-10.676,+0.063,+0.886,-0.310,+0.052,+45.070
-9.366,+0.036,+0.165,-0.012,+0.051,+45.121
-15.951,-0.256,+0.072,+0.353,+0.051,+45.172
-9.391,-0.024,+0.060,-0.536,+0.051,+45.223
-11.549,+0.100,+0.234,-0.396,+0.037,+45.261
-11.576,-0.055,+0.676,-0.324,+0.048,+45.308
-5.229,-0.154,-0.105,-0.107,+0.051,+45.360
+0.000,+0.000,+0.072,-0.045,+0.037,+45.396
+0.000,+0.000,+0.241,-0.348,+0.048,+45.445
+0.000,+0.000,+0.010,-0.231,+0.051,+45.496
+0.000,+0.000,+0.031,-0.255,+0.037,+45.533
-5.545,-0.063,-0.382,+0.484,+0.048,+45.581
-5.822,+0.288,+0.105,-0.279,+0.051,+45.632
-10.891,-0.019,-0.339,-0.343,+0.051,+45.683
-11.042,-0.088,-0.303,-0.584,+0.051,+45.734
+0.000,+0.000,-0.062,-0.591,+0.051,+45.785
+0.000,+0.000,+0.330,-0.134,+0.051,+45.836
-7.228,+0.043,+0.838,-0.060,+0.037,+45.873
-11.793,-0.084,+0.330,-0.124,+0.048,+45.922
-10.945,-0.065,+0.619,-1.247,+0.051,+45.973
-11.066,+0.119,-0.451,-0.916,+0.051,+46.024
-10.964,-0.143,-1.868,+0.045,+0.051,+46.075
-2.120,+0.902,-0.031,+0.005,+0.051,+46.126
+0.000,+0.000,+0.165,+0.343,+0.051,+46.177
-5.268,-0.052,+0.019,+0.579,+0.051,+46.228
-7.190,-0.051,+0.344,+0.236,+0.037,+46.265
-11.703,-0.027,-0.466,-0.155,+0.048,+46.313
-11.018,+0.050,+1.228,-0.823,+0.051,+46.364
-5.044,+0.037,+0.174,-0.322,+0.051,+46.415
-5.140,+0.061,-0.122,-0.079,+0.051,+46.466
-5.094,+0.358,-0.322,-0.014,+0.052,+46.518
-4.488,+0.062,+0.189,-0.038,+0.051,+46.569
-5.402,-0.152,+0.210,-0.048,+0.051,+46.620
-5.150,-0.062,-0.182,-0.105,+0.051,+46.671
-5.235,+0.086,+0.196,-0.288,+0.051,+46.722
-6.372,-0.000,+0.318,-0.448,+0.037,+46.759
-4.958,+0.096,+0.162,-0.062,+0.048,+46.807
+0.000,+0.000,+0.002,+0.005,+0.051,+46.858
-4.647,+0.079,+0.074,-0.367,+0.051,+46.909
-3.503,-0.334,-0.232,-0.103,+0.051,+46.960
-5.195,+0.079,-0.105,-0.334,+0.051,+47.012
-5.241,-0.137,+0.091,+0.160,+0.051,+47.063
-5.236,+0.055,-0.143,-0.355,+0.051,+47.114
-4.018,-0.090,-0.177,-0.243,+0.051,+47.165
+0.000,+0.000,+0.449,-0.324,+0.051,+47.216
-6.968,-0.028,+0.141,+0.186,+0.037,+47.253
-4.689,-0.106,+0.010,-0.274,+0.048,+47.301
-5.272,+0.037,+0.150,-0.219,+0.051,+47.352
-5.036,+0.120,-0.193,-0.184,+0.037,+47.389
-5.562,-0.039,+0.244,-0.308,+0.048,+47.437
-5.313,+0.148,-0.050,-0.079,+0.051,+47.488
-5.215,-0.050,-0.012,-0.572,+0.051,+47.540
-5.399,-0.100,-0.425,-0.420,+0.051,+47.590
-7.320,-0.282,+0.351,+0.229,+0.037,+47.628
-3.661,-0.209,-0.222,-0.229,+0.048,+47.676
-10.816,-0.043,+0.609,-0.060,+0.051,+47.727
-12.883,-0.182,+0.480,+0.014,+0.051,+47.778
-15.045,+0.094,+1.003,+0.212,+0.037,+47.815
-17.858,-0.088,+0.239,-0.367,+0.048,+47.863
-11.168,-0.082,-0.153,-0.052,+0.051,+47.914
-7.350,+0.086,+0.444,-0.122,+0.037,+47.951
-5.518,-0.173,+0.177,-0.317,+0.048,+47.999
-2.116,+0.588,+0.096,-0.138,+0.051,+48.050
+0.000,+0.000,+0.365,-0.083,+0.051,+48.102
+0.000,+0.000,+0.423,-0.098,+0.037,+48.138
+0.000,+0.000,-0.234,-0.126,+0.048,+48.187
+0.000,+0.000,+0.191,-0.329,+0.051,+48.238
+0.000,+0.000,+0.150,-0.226,+0.051,+48.289
+0.000,+0.000,-0.170,-0.253,+0.051,+48.340
+0.000,+0.000,-0.005,-0.315,+0.051,+48.391
+0.000,+0.000,+0.107,-0.050,+0.051,+48.442
+0.000,+0.000,+0.112,-0.186,+0.051,+48.493
+0.000,+0.000,+0.170,-0.095,+0.051,+48.544
+0.000,+0.000,+0.024,-0.145,+0.051,+48.595
+0.000,+0.000,+0.005,-0.296,+0.051,+48.646
+0.000,+0.000,+0.167,-0.103,+0.051,+48.698
+0.000,+0.000,+0.041,-0.331,+0.051,+48.749
+0.000,+0.000,+0.026,-0.143,+0.051,+48.800
+0.000,+0.000,+0.115,-0.031,+0.051,+48.851
+0.000,+0.000,+0.081,-0.250,+0.051,+48.902
+0.000,+0.000,+0.103,-0.136,+0.051,+48.953
+0.000,+0.000,+0.024,-0.224,+0.051,+49.004
+0.000,+0.000,+0.172,-0.260,+0.051,+49.055
+0.000,+0.000,+0.067,-0.131,+0.037,+49.092
+0.000,+0.000,+0.045,-0.205,+0.048,+49.141
+0.000,+0.000,+0.131,-0.107,+0.051,+49.192
+0.000,+0.000,+0.053,-0.234,+0.051,+49.243
+0.000,+0.000,+0.081,-0.157,+0.037,+49.279
+0.000,+0.000,+0.055,-0.198,+0.049,+49.328
+0.000,+0.000,+0.110,-0.143,+0.051,+49.379
+0.000,+0.000,+0.026,-0.243,+0.037,+49.416
+0.000,+0.000,+0.060,-0.198,+0.048,+49.464
+0.000,+0.000,+0.043,-0.176,+0.051,+49.515
+0.000,+0.000,+0.096,-0.200,+0.051,+49.566
+0.000,+0.000,+0.088,-0.238,+0.051,+49.617
+0.000,+0.000,+0.074,-0.210,+0.051,+49.668
+0.000,+0.000,+0.107,-0.212,+0.051,+49.720
+0.000,+0.000,+0.067,-0.181,+0.051,+49.771
+0.000,+0.000,+0.076,-0.215,+0.051,+49.822
+0.000,+0.000,+0.072,-0.179,+0.051,+49.873
+0.000,+0.000,+0.057,-0.191,+0.051,+49.924
+0.000,+0.000,+0.069,-0.181,+0.051,+49.975
+0.000,+0.000,+0.038,-0.172,+0.037,+50.012
+0.000,+0.000,-0.005,-0.169,+0.048,+50.060
+0.000,+0.000,+0.079,-0.207,+0.051,+50.111
+0.000,+0.000,+0.072,-0.222,+0.051,+50.162
+0.000,+0.000,+0.096,-0.160,+0.051,+50.213
+0.000,+0.000,+0.064,-0.169,+0.051,+50.264
+0.000,+0.000,+0.026,-0.138,+0.051,+50.315
+0.000,+0.000,+0.086,-0.229,+0.051,+50.367
+0.000,+0.000,+0.098,-0.312,+0.051,+50.418
+0.000,+0.000,-0.033,-0.057,+0.037,+50.455
+0.000,+0.000,+0.057,-0.122,+0.048,+50.503
+0.000,+0.000,+0.196,-0.238,+0.051,+50.554
+0.000,+0.000,+0.150,-0.279,+0.051,+50.605
+0.000,+0.000,-0.325,-0.064,+0.051,+50.656
+0.000,+0.000,-0.260,-0.124,+0.051,+50.707
+0.000,+0.000,-0.053,-0.095,+0.052,+50.759
+0.000,+0.000,+0.136,-0.172,+0.051,+50.809
+0.000,+0.000,+0.048,-0.281,+0.051,+50.861
+0.000,+0.000,+0.100,-0.095,+0.051,+50.912
+0.000,+0.000,+0.017,-0.129,+0.051,+50.963
+0.000,+0.000,+0.043,-0.186,+0.037,+51.000
+0.000,+0.000,+0.043,-0.191,+0.048,+51.048
+0.000,+0.000,+0.069,-0.198,+0.036,+51.084
+0.000,+0.000,+0.045,-0.119,+0.049,+51.133
+0.000,+0.000,+0.060,-0.207,+0.051,+51.184
+0.000,+0.000,+0.041,-0.124,+0.051,+51.235
+0.000,+0.000,+0.074,-0.250,+0.051,+51.286
+0.000,+0.000,+0.055,-0.229,+0.051,+51.337
+0.000,+0.000,+0.019,-0.138,+0.051,+51.389
+0.000,+0.000,+0.026,-0.181,+0.051,+51.440
+0.000,+0.000,+0.024,-0.165,+0.051,+51.491
+0.000,+0.000,+0.057,-0.165,+0.051,+51.542
+0.000,+0.000,+0.045,-0.174,+0.051,+51.593
+0.000,+0.000,+0.062,-0.181,+0.037,+51.630
+0.000,+0.000,+0.062,-0.205,+0.048,+51.678
+0.000,+0.000,+0.055,-0.184,+0.051,+51.729
+0.000,+0.000,+0.091,-0.181,+0.051,+51.780
+0.000,+0.000,+0.112,-0.198,+0.036,+51.817
+0.000,+0.000,+0.074,-0.176,+0.049,+51.865
+0.000,+0.000,+0.124,-0.269,+0.051,+51.916
+0.000,+0.000,+0.043,-0.150,+0.051,+51.968
+0.000,+0.000,+0.021,-0.186,+0.051,+52.019
+0.000,+0.000,+0.074,-0.215,+0.051,+52.070
+0.000,+0.000,+0.045,-0.172,+0.051,+52.121
+0.000,+0.000,+0.112,-0.153,+0.051,+52.172
+0.000,+0.000,+0.012,-0.195,+0.051,+52.223
+0.000,+0.000,+0.057,-0.174,+0.051,+52.274
+0.000,+0.000,+0.096,-0.219,+0.051,+52.326
+0.000,+0.000,+0.105,-0.184,+0.051,+52.376
+0.000,+0.000,+0.064,-0.181,+0.051,+52.428
+0.000,+0.000,+0.055,-0.153,+0.051,+52.479
+0.000,+0.000,+0.110,-0.153,+0.051,+52.530
+0.000,+0.000,+0.129,-0.169,+0.037,+52.567
+0.000,+0.000,+0.148,-0.174,+0.048,+52.615
+0.000,+0.000,+0.158,-0.379,+0.051,+52.666
+0.000,+0.000,-0.062,-0.334,+0.037,+52.703
+0.000,+0.000,+0.401,-0.250,+0.048,+52.751
+0.000,+0.000,+0.186,-0.210,+0.051,+52.802
+0.000,+0.000,+0.248,-0.191,+0.037,+52.839
+0.000,+0.000,-0.050,-0.205,+0.048,+52.887
+0.000,+0.000,+0.122,-0.181,+0.051,+52.938
+0.000,+0.000,+0.162,-0.281,+0.051,+52.989
+0.000,+0.000,+0.162,-0.091,+0.051,+53.041
+0.000,+0.000,+0.091,-0.262,+0.051,+53.092
+0.000,+0.000,+0.057,-0.176,+0.051,+53.143
+0.000,+0.000,+0.160,-0.086,+0.051,+53.194
+0.000,+0.000,+0.038,-0.246,+0.051,+53.245
+0.000,+0.000,+0.041,-0.174,+0.051,+53.296
+0.000,+0.000,+0.122,-0.186,+0.051,+53.347
+0.000,+0.000,+0.041,-0.188,+0.051,+53.398
+0.000,+0.000,+0.100,-0.162,+0.051,+53.449
+0.000,+0.000,+0.084,-0.250,+0.037,+53.487
+0.000,+0.000,+0.112,-0.110,+0.048,+53.535
+0.000,+0.000,+0.057,-0.176,+0.051,+53.585
+0.000,+0.000,+0.045,-0.269,+0.051,+53.637
+0.000,+0.000,+0.076,-0.157,+0.051,+53.688
+0.000,+0.000,-0.002,-0.241,+0.051,+53.739
+0.000,+0.000,+0.100,-0.153,+0.051,+53.790
+0.000,+0.000,+0.033,-0.184,+0.051,+53.841
+0.000,+0.000,-0.007,-0.165,+0.051,+53.892
+0.000,+0.000,+0.036,-0.138,+0.051,+53.943
+0.000,+0.000,+0.057,-0.238,+0.051,+53.994
+0.000,+0.000,+0.033,-0.129,+0.051,+54.045
+0.000,+0.000,+0.072,-0.203,+0.051,+54.096
+0.000,+0.000,+0.012,-0.162,+0.051,+54.147
+0.000,+0.000,+0.081,-0.198,+0.051,+54.199
+0.000,+0.000,+0.069,-0.207,+0.051,+54.250
+0.000,+0.000,+0.012,-0.131,+0.051,+54.301
+0.000,+0.000,+0.067,-0.153,+0.051,+54.352
+0.000,+0.000,+0.110,-0.179,+0.051,+54.403
+0.000,+0.000,+0.055,-0.167,+0.037,+54.440
+0.000,+0.000,+0.084,-0.205,+0.048,+54.488
+0.000,+0.000,+0.057,-0.005,+0.051,+54.540
+0.000,+0.000,+0.155,-0.207,+0.051,+54.590
+0.000,+0.000,-0.177,+0.176,+0.051,+54.641
+0.000,+0.000,+0.048,-0.308,+0.051,+54.693
+0.000,+0.000,+0.337,-0.272,+0.051,+54.744
+0.000,+0.000,+0.010,-0.153,+0.051,+54.795
+0.000,+0.000,+0.139,-0.336,+0.038,+54.832
+0.000,+0.000,+0.153,+0.007,+0.048,+54.880
+0.000,+0.000,+0.010,-0.379,+0.051,+54.931
+0.000,+0.000,+0.010,-0.126,+0.051,+54.982
+0.000,+0.000,-0.021,-0.093,+0.051,+55.033
+0.000,+0.000,+0.057,-0.346,+0.051,+55.084
+0.000,+0.000,+0.057,-0.248,+0.051,+55.135
+0.000,+0.000,+0.134,-0.103,+0.037,+55.172
+0.000,+0.000,+0.096,-0.312,+0.048,+55.221
+0.000,+0.000,+0.139,-0.226,+0.051,+55.272
+0.000,+0.000,-0.053,-0.002,+0.051,+55.323
+0.000,+0.000,+0.072,-0.262,+0.051,+55.374
+0.000,+0.000,-0.007,-0.279,+0.051,+55.425
+0.000,+0.000,-0.021,-0.160,+0.037,+55.462
+0.000,+0.000,+0.002,-0.076,+0.048,+55.510
+0.000,+0.000,+0.067,-0.074,+0.051,+55.561
+0.000,+0.000,+0.084,-0.215,+0.051,+55.612
+0.000,+0.000,+0.127,-0.231,+0.036,+55.648
+6.328,-0.020,+0.225,-0.212,+0.049,+55.697
+6.140,-0.121,-0.184,-0.145,+0.051,+55.748
+7.997,-0.245,+0.134,-0.188,+0.037,+55.785
+6.680,-0.020,-0.251,-0.331,+0.049,+55.834
+6.210,+0.124,+0.499,-0.100,+0.051,+55.885
+6.036,+0.400,-0.270,-0.205,+0.051,+55.936
+0.000,+0.000,-0.002,-0.126,+0.051,+55.987
+0.000,+0.000,+0.038,-0.181,+0.037,+56.024
+0.000,+0.000,+0.069,-0.312,+0.048,+56.072
+0.000,+0.000,+0.186,-0.098,+0.051,+56.123
+5.988,+0.102,+0.241,-0.148,+0.051,+56.174
+0.000,+0.000,+0.136,-0.064,+0.051,+56.225
+11.486,+0.159,-0.299,-0.494,+0.051,+56.277
+11.995,-0.046,+0.502,-0.415,+0.051,+56.327
+11.573,+0.045,+0.308,+0.265,+0.051,+56.379
+0.000,+0.000,-0.103,-0.298,+0.051,+56.430
+6.176,-0.207,-0.573,+0.067,+0.051,+56.481
+6.205,-0.205,+0.031,-0.100,+0.051,+56.532
+6.224,+0.226,-0.215,-0.408,+0.051,+56.583
+6.374,+0.068,+0.272,+0.076,+0.051,+56.634
+8.539,+0.141,+0.193,-0.367,+0.037,+56.671
+0.000,+0.000,-0.105,+0.470,+0.048,+56.719
+8.689,-0.035,-0.397,-0.377,+0.037,+56.757
+0.000,+0.000,+0.356,-0.236,+0.048,+56.804
+8.609,-0.114,+0.377,-0.508,+0.037,+56.841
+6.765,+0.112,-0.322,-0.098,+0.048,+56.889
+8.712,+0.143,+0.483,-0.114,+0.037,+56.926
+6.561,-0.079,-0.146,-0.441,+0.048,+56.975
+9.025,+0.109,-0.041,-0.308,+0.037,+57.011
+6.613,+0.074,-0.093,-0.086,+0.049,+57.060
+6.268,-0.116,-0.012,+0.036,+0.051,+57.111
+6.078,-0.057,+0.184,-0.126,+0.051,+57.162
+6.216,+0.089,+0.428,-0.105,+0.051,+57.213
+6.212,-0.096,+0.074,-0.095,+0.051,+57.264
+6.068,-0.007,+0.136,-0.179,+0.051,+57.315
+8.839,-0.018,-0.311,-0.625,+0.037,+57.353
+6.642,+0.111,+0.724,-0.052,+0.048,+57.401
+8.632,-0.143,+0.707,-0.415,+0.037,+57.438
+6.812,+0.014,-0.193,+0.007,+0.048,+57.486
+6.282,+0.019,+0.506,-0.546,+0.051,+57.537
+8.105,+0.223,-0.239,-0.365,+0.037,+57.574
+6.705,-0.000,+0.368,+0.076,+0.048,+57.622
+11.973,-0.046,+0.330,-0.420,+0.051,+57.673
+11.929,-0.141,+0.208,+0.186,+0.051,+57.724
+10.731,+0.141,-0.970,+0.100,+0.051,+57.775
+11.662,-0.020,-0.139,-0.200,+0.051,+57.826
+0.000,+0.000,-0.220,+0.026,+0.051,+57.877
+6.147,-0.054,-0.397,-0.219,+0.051,+57.928
+6.326,-0.071,-0.521,+0.234,+0.051,+57.979
+6.616,+0.133,-0.253,-0.055,+0.051,+58.031
+6.111,+0.013,-0.112,-0.193,+0.051,+58.082
+6.326,-0.142,-0.463,-0.279,+0.051,+58.133
+6.270,+0.065,+0.074,-0.191,+0.051,+58.184
+6.140,+0.038,-0.449,-0.031,+0.051,+58.235
+6.234,+0.311,+0.232,-0.389,+0.051,+58.286
+0.000,+0.000,+0.399,-0.460,+0.051,+58.337
+0.000,+0.000,-0.045,+0.007,+0.051,+58.388
+6.229,+0.073,+0.478,-0.329,+0.051,+58.439
+5.927,-0.386,+0.072,-0.112,+0.051,+58.491
+0.000,+0.000,-0.557,+0.315,+0.051,+58.542
+11.791,+0.062,-0.115,+0.010,+0.051,+58.593
+6.399,-0.233,-0.124,-0.696,+0.051,+58.644
+11.329,+0.089,+0.024,-0.134,+0.051,+58.695
+5.955,-0.135,+0.093,-0.179,+0.051,+58.746
+5.913,+0.078,+0.060,+0.141,+0.051,+58.797
+6.104,+0.026,-0.404,-0.238,+0.051,+58.848
+6.075,+0.150,+0.234,-0.243,+0.051,+58.899
+6.145,+0.092,+1.247,-0.591,+0.051,+58.950
+11.866,-0.013,+0.375,+0.684,+0.051,+59.001
+11.968,-0.179,+0.354,-0.098,+0.051,+59.053
+8.528,+0.063,+0.179,+0.103,+0.037,+59.089
+9.992,-0.000,+0.277,-0.193,+0.049,+59.138
+0.000,+0.000,+0.318,+0.069,+0.051,+59.189
+10.899,+0.064,+0.554,-0.565,+0.051,+59.240
+0.000,+0.000,+0.334,-0.405,+0.051,+59.342
+10.945,+0.181,+0.545,-0.484,+0.051,+59.393
+11.972,-0.033,-0.060,-0.739,+0.051,+59.445
+11.063,+0.011,+0.167,-0.577,+0.051,+59.495
+12.073,-0.007,+0.542,-0.195,+0.051,+59.546
+11.928,+0.212,+0.365,-0.644,+0.051,+59.597
+8.745,-0.091,+0.456,-0.303,+0.037,+59.634
+12.072,-0.016,+0.263,-0.844,+0.048,+59.683
+8.317,-0.450,-0.100,-0.355,+0.037,+59.720
+11.502,-0.121,-0.287,+0.329,+0.048,+59.768
+12.042,-0.007,-0.165,-0.143,+0.051,+59.819
+11.881,+0.093,-0.733,+0.718,+0.051,+59.870
+11.596,-0.164,+0.664,-0.031,+0.051,+59.921
+8.620,+0.044,+0.100,-0.567,+0.037,+59.958
+0.000,+0.000,-0.100,-0.000,+0.048,+60.006
+11.350,+0.244,-0.339,+0.165,+0.051,+60.057
+11.923,-0.159,-0.662,-0.656,+0.051,+60.109
+12.117,-0.027,+0.738,-0.556,+0.051,+60.160
+0.000,+0.000,+0.475,-0.596,+0.051,+60.211
+0.000,+0.000,-0.122,-0.052,+0.051,+60.262
+5.250,-0.000,+0.045,-0.045,+0.051,+60.313
+6.071,-0.019,+0.220,-0.226,+0.051,+60.364
+8.383,-0.349,+0.146,-0.012,+0.038,+60.402
+5.672,-0.074,-0.225,-0.224,+0.047,+60.449
+8.840,-0.189,-0.344,-0.229,+0.037,+60.486
+12.319,+0.105,+0.029,-0.033,+0.048,+60.534
+12.032,-0.013,+0.626,-0.465,+0.051,+60.586
+12.139,+0.262,-0.201,-0.458,+0.051,+60.636
+11.964,+0.007,+0.643,+0.288,+0.051,+60.688
+11.533,-0.179,+0.141,+0.129,+0.051,+60.739
+11.932,-0.092,-1.018,-0.336,+0.051,+60.790
+11.891,+0.101,-0.927,-0.787,+0.051,+60.841
+9.122,-0.060,-1.123,+0.014,+0.037,+60.878
+6.470,-0.000,-0.038,+0.110,+0.048,+60.926
+9.013,-0.192,+0.506,-0.010,+0.051,+60.977
+8.521,+0.036,-0.220,+0.062,+0.037,+61.014
+10.649,-0.111,+0.437,-0.072,+0.048,+61.062
+8.994,+0.209,+0.251,-0.184,+0.037,+61.099
+12.455,-0.050,+0.115,-0.436,+0.049,+61.147
+12.139,-0.000,+0.100,-0.648,+0.051,+61.198
+0.000,+0.000,+0.404,-0.241,+0.051,+61.250
+9.637,-0.155,-0.031,-0.424,+0.051,+61.301
+0.000,+0.000,+0.186,-0.617,+0.051,+61.352
+9.820,+0.096,-0.093,-0.255,+0.051,+61.403
+11.925,+0.214,+0.497,-1.173,+0.051,+61.454
+11.927,+0.072,-0.332,+0.045,+0.052,+61.506
+8.497,-0.072,+0.186,+0.184,+0.050,+61.556
+8.626,+0.106,+0.005,-0.224,+0.037,+61.593
+12.666,+0.092,+0.385,-0.870,+0.048,+61.641
+12.046,+0.013,-0.041,-0.041,+0.051,+61.692
+11.969,+0.049,-0.213,-0.761,+0.051,+61.743
+11.946,-0.007,-0.222,+0.165,+0.051,+61.794
+8.875,-0.062,+0.681,-0.660,+0.037,+61.831
+6.147,-0.237,+0.406,-0.997,+0.049,+61.880
+5.922,+0.206,-0.411,+0.117,+0.051,+61.931
+6.401,+0.347,+0.112,+0.117,+0.051,+61.982
+6.189,+0.126,+0.241,-0.100,+0.051,+62.033
+6.294,+0.045,+0.511,-0.024,+0.051,+62.084
+6.155,-0.250,+0.184,-0.308,+0.051,+62.135
+6.204,+0.028,-0.334,-0.384,+0.051,+62.186
+0.000,+0.000,+0.213,-0.601,+0.037,+62.224
+6.785,+0.097,+0.609,+0.153,+0.048,+62.271
+6.314,-0.096,-0.117,-0.160,+0.051,+62.322
+6.308,+0.013,+0.021,-0.670,+0.051,+62.374
+6.449,-0.006,+0.253,-0.336,+0.051,+62.425
+6.350,+0.163,+0.600,-0.250,+0.052,+62.476
+8.881,+0.077,-0.117,-0.000,+0.037,+62.513
+6.445,+0.106,-0.373,-0.005,+0.048,+62.561
+6.197,+0.077,-0.291,-0.200,+0.051,+62.612
+8.015,-0.070,-0.053,+0.024,+0.037,+62.649
+6.634,+0.021,+0.086,-0.293,+0.048,+62.697
+8.639,-0.018,+0.064,-0.279,+0.037,+62.734
+6.593,-0.107,-0.511,-0.226,+0.048,+62.782
+0.000,+0.000,-0.380,-0.160,+0.051,+62.833
+0.000,+0.000,-0.162,-0.067,+0.051,+62.884
+0.000,+0.000,+0.117,-0.274,+0.051,+62.936
+0.000,+0.000,+0.311,-0.505,+0.037,+62.973
+0.000,+0.000,+0.005,-0.076,+0.048,+63.021
+0.000,+0.000,+0.115,-0.162,+0.051,+63.072
+0.000,+0.000,+0.053,-0.162,+0.051,+63.123
+0.000,+0.000,+0.220,-0.167,+0.037,+63.160
+0.000,+0.000,+0.041,-0.207,+0.048,+63.208
+0.000,+0.000,+0.105,-0.017,+0.051,+63.259
+0.000,+0.000,+0.086,-0.334,+0.051,+63.310
+0.000,+0.000,+0.033,-0.141,+0.051,+63.361
+0.000,+0.000,+0.119,-0.222,+0.051,+63.412
+0.000,+0.000,-0.017,-0.219,+0.051,+63.464
+0.000,+0.000,+0.112,-0.157,+0.037,+63.501
+0.000,+0.000,-0.000,-0.246,+0.048,+63.549
+0.000,+0.000,+0.088,-0.119,+0.051,+63.600
+0.000,+0.000,+0.010,-0.198,+0.051,+63.651
+0.000,+0.000,+0.084,-0.193,+0.051,+63.702
+0.000,+0.000,+0.050,-0.124,+0.051,+63.753
+0.000,+0.000,+0.062,-0.219,+0.051,+63.804
+0.000,+0.000,+0.069,-0.203,+0.051,+63.855
+0.000,+0.000,+0.088,-0.188,+0.051,+63.906
+0.000,+0.000,+0.115,-0.186,+0.037,+63.944
+0.000,+0.000,+0.084,-0.257,+0.048,+63.992
+0.000,+0.000,-0.033,-0.136,+0.051,+64.043
+0.000,+0.000,+0.057,-0.165,+0.051,+64.094
+0.000,+0.000,+0.100,-0.169,+0.051,+64.145
+0.000,+0.000,+0.072,-0.241,+0.051,+64.196
+0.000,+0.000,+0.038,-0.193,+0.051,+64.247
+0.000,+0.000,+0.062,-0.117,+0.051,+64.298
+0.000,+0.000,+0.048,-0.200,+0.051,+64.349
+0.000,+0.000,+0.098,-0.219,+0.051,+64.400
+0.000,+0.000,+0.112,-0.129,+0.037,+64.438
+0.000,+0.000,+0.115,-0.193,+0.048,+64.485
+0.000,+0.000,+0.026,-0.162,+0.051,+64.536
+0.000,+0.000,+0.060,-0.160,+0.051,+64.639
+0.000,+0.000,+0.143,-0.219,+0.051,+64.690
+0.000,+0.000,-0.017,-0.176,+0.051,+64.741
+0.000,+0.000,+0.069,-0.155,+0.051,+64.792
+0.000,+0.000,+0.153,-0.257,+0.051,+64.843
+0.000,+0.000,+0.033,-0.188,+0.051,+64.894
+0.000,+0.000,+0.064,-0.162,+0.051,+64.945
+0.000,+0.000,+0.033,-0.172,+0.051,+64.997
+0.000,+0.000,+0.179,-0.222,+0.037,+65.034
+0.000,+0.000,+0.057,-0.188,+0.048,+65.081
+0.000,+0.000,+0.050,-0.234,+0.052,+65.133
+0.000,+0.000,+0.110,-0.114,+0.051,+65.184
+0.000,+0.000,-0.024,-0.219,+0.051,+65.235
+0.000,+0.000,+0.361,-0.150,+0.037,+65.272
+0.000,+0.000,+0.549,-0.339,+0.048,+65.320
+0.000,+0.000,+0.351,-0.007,+0.051,+65.371
+0.000,+0.000,-0.471,-0.226,+0.051,+65.422
+0.000,+0.000,+0.463,-0.224,+0.051,+65.473
+0.000,+0.000,-0.294,-0.205,+0.051,+65.524
+0.000,+0.000,+0.172,-0.126,+0.051,+65.576
+0.000,+0.000,+0.272,-0.308,+0.051,+65.627
+0.000,+0.000,-0.215,-0.136,+0.051,+65.678
+0.000,+0.000,+0.387,-0.124,+0.051,+65.729
+0.000,+0.000,-0.146,-0.408,+0.051,+65.780
+0.000,+0.000,+0.215,-0.124,+0.051,+65.831
+0.000,+0.000,+0.215,-0.203,+0.051,+65.882
+0.000,+0.000,-0.244,-0.150,+0.051,+65.933
+0.000,+0.000,+0.205,-0.079,+0.051,+65.984
+0.000,+0.000,-0.172,-0.396,+0.051,+66.035
+0.000,+0.000,+0.251,-0.079,+0.051,+66.086
+0.000,+0.000,-0.045,-0.203,+0.051,+66.137
+0.000,+0.000,-0.122,-0.179,+0.051,+66.188
+0.000,+0.000,+0.155,-0.045,+0.051,+66.240
+0.000,+0.000,-0.055,-0.310,+0.051,+66.291
+0.000,+0.000,+0.136,-0.086,+0.051,+66.342
+0.000,+0.000,+0.084,-0.195,+0.051,+66.393
+0.000,+0.000,+0.055,-0.153,+0.051,+66.444
+0.000,+0.000,+0.182,-0.064,+0.051,+66.495
+0.000,+0.000,-0.002,-0.379,+0.051,+66.546
+0.000,+0.000,+0.172,-0.074,+0.051,+66.597
+0.000,+0.000,-0.000,-0.155,+0.051,+66.648
+0.000,+0.000,-0.010,-0.288,+0.051,+66.700
+0.000,+0.000,+0.167,-0.086,+0.051,+66.751
+0.000,+0.000,-0.031,-0.339,+0.051,+66.802
+0.000,+0.000,+0.033,-0.086,+0.051,+66.853
+0.000,+0.000,+0.041,-0.129,+0.051,+66.904
+0.000,+0.000,+0.053,-0.250,+0.051,+66.955
+0.000,+0.000,+0.067,-0.122,+0.051,+67.006
+0.000,+0.000,-0.076,-0.257,+0.051,+67.057
+0.000,+0.000,+0.084,-0.136,+0.051,+67.108
+0.000,+0.000,+0.026,-0.086,+0.051,+67.159
+0.000,+0.000,+0.084,-0.453,+0.051,+67.210
+0.000,+0.000,+0.033,+0.021,+0.051,+67.261
+0.000,+0.000,+0.112,-0.386,+0.051,+67.313
